{
	"pages": [ //pages数组中第一项表示应用启动页，参考：https://uniapp.dcloud.io/collocation/pages
		{
		    "path" : "pages/chat/chat",
		    "style" :                                                                                    
		    {
		        "navigationBarTitleText": "Chat",
				"navigationBarBackgroundColor":"green",
				
		        "enablePullDownRefresh": false,
				"app-plus":{
					"titleNView":{
						"buttons":[{
							"text":"\ue7b3",
							"float":"right",
							"fontSize":"25px",
							"color":"#F1F1F1",
							"fontSrc":"/static/ico/iconfont.ttf"
						}]
					}
				}
		    }
		    
		}
		,{
		    "path" : "pages/404/404",
		    "style" :                                                                                    
		    {
		        "navigationBarTitleText": "Chat",
		        "enablePullDownRefresh": false
		    }
		    
		}
		,{
		    "path" : "pages/list/list",
		    "style" :                                                                                    
		    {
		        "navigationBarTitleText": "Chat",
		        "navigationBarBackgroundColor":"green",
		        "enablePullDownRefresh": true,
		        "app-plus":{
		        	"titleNView":{
		        		"buttons":[{
		        			"text":"\ue7b3",
		        			"float":"right",
		        			"fontSize":"25px",
		        			"color":"#F1F1F1",
		        			"fontSrc":"/static/ico/iconfont.ttf"
		        		}]
		        	}
		        }
		    }
		    
		}
		,{
		    "path" : "pages/space/space",
		    "style" :                                                                                    
		    {
				"navigationBarTitleText": "Chat",
				"navigationBarBackgroundColor":"green",
				
				"enablePullDownRefresh": false,
				"app-plus":{
					"titleNView":{
						"buttons":[{
							"text":"\ue7b3",
							"float":"right",
							"fontSize":"25px",
							"color":"#F1F1F1",
							"fontSrc":"/static/ico/iconfont.ttf"
						}]
					}
				}
		    }
		    
		}
		,{
		    "path" : "pages/me/me",
		    "style" :                                                                                    
		    {
					"navigationStyle":"custom",
		        // "navigationBarTitleText": "D Chat",
		        "enablePullDownRefresh": false
		    }
		    
		}
        ,{
            "path" : "pages/me/info",
            "style" :                                                                                    
            {
                "navigationBarTitleText": "设置",
                "enablePullDownRefresh": false
            }
            
        },{
            "path" : "pages/me/changeName",
            "style" :                                                                                    
            {
                "navigationBarTitleText": "修改昵称",
                "enablePullDownRefresh": false
            }
            
        },{
            "path" : "pages/me/changeSex",
            "style" :                                                                                    
            {
                "navigationBarTitleText": "修改性别",
                "enablePullDownRefresh": false
            }
            
        },{
            "path" : "pages/me/changeSig",
            "style" :                                                                                    
            {
                "navigationBarTitleText": "修改个性签名",
                "enablePullDownRefresh": false
            }
            
        },{
            "path" : "pages/index/login",
            "style" :                                                                                    
            {
                "navigationBarTitleText": "登录",
                "enablePullDownRefresh": false
            }           
        },
		{
		    "path" : "pages/index/register",
		    "style" :                                                                                    
		    {
		        "navigationBarTitleText": "注册",
		        "enablePullDownRefresh": false
		    }  
		},
		{
            "path" : "pages/me/changeAvatar",
            "style" :                                                                                    
            {
                "navigationBarTitleText": "更换头像",
                "enablePullDownRefresh": false
            }
        }
        ,{
            "path" : "pages/other/search/search",
            "style" :                                                                                    
            {
                "navigationBarTitleText": "搜索",
                "enablePullDownRefresh": false
            }  
        }
		,{
		    "path" : "pages/other/search/info",
		    "style" :                                                                                    
		    {
		        "navigationBarTitleText": "用户主页",
		        "enablePullDownRefresh": false
		    }  
		}
        ,{
            "path" : "pages/list/info/info",
            "style" :                                                                                    
            {
                "navigationBarTitleText": "好友主页",
                "enablePullDownRefresh": false
            }
            
        }
        ,{
            "path" : "pages/chat/chatRoom/chatRoom",
            "style" :                                                                                    
            {
                "navigationBarTitleText": "",
                "enablePullDownRefresh": false,
				"navigationBarBackgroundColor":"green",
				//App端的配置
				"app-plus":{
					"titleNView":{
							"buttons":[{
								"text":"\ueaf1",
								"float":"right",
								"fontSize":"25px",
								"color":"#F1F1F1",
								"fontSrc":"/static/ico/iconfont.ttf"
							}]
						}
					}
            }
            
        }
        ,{
            "path" : "pages/list/apply/apply",
            "style" :                                                                                    
            {
                "navigationBarTitleText": "请求列表",
                "enablePullDownRefresh": false
            } 
        } ,{
            "path" : "pages/list/apply/info",
            "style" :                                                                                    
            {
                "navigationBarTitleText": "用户主页",
                "enablePullDownRefresh": false
            } 
        },{
            "path" : "pages/list/apply/groupInfo",
            "style" :                                                                                    
            {
                "navigationBarTitleText": "群信息",
                "enablePullDownRefresh": false
            } 
        },{
            "path" : "pages/list/apply/member",
            "style" :                                                                                    
            {
                "navigationBarTitleText": "群成员",
                "enablePullDownRefresh": false
            } 
        }
        ,{
            "path" : "pages/chat/groupRoom/groupRoom",
            "style" :                                                                                    
            {
                "navigationBarTitleText": "公共聊天室",
                "enablePullDownRefresh": true,
				"navigationBarBackgroundColor":"green",
				//App端的配置
				"app-plus":{
					"softinputMode":"adjustResize",
					"titleNView":{
							"buttons":[{
								"type": "menu",
								"float":"right"
								
								
							}]
						}
					}
				
            }
        }
        ,{
            "path" : "pages/list/group/group",
            "style" :                                                                                    
            {
                "navigationBarTitleText": "我的群聊",
                "enablePullDownRefresh": true,
				"app-plus":{
					"titleNView":{
						"buttons":[{
							"text":"新建",
							"float":"right",
							"fontSize":"18px",
							"color":"green",
							"fontWeight": "bold"
						}]
					}
				}
            }
            
        },{
		    "path" : "pages/list/group/create",
		    "style" :                                                                                    
		    {
		        "navigationBarTitleText": "新建群聊",
		        "enablePullDownRefresh": false
		    }
		},{
		    "path" : "pages/list/group/invite",
		    "style" :                                                                                    
		    {
		        "navigationBarTitleText": "邀请好友",
		        "enablePullDownRefresh": false
		    }
		},
		{
		    "path" : "pages/list/group/edit",
		    "style" :                                                                                    
		    {
		        "navigationBarTitleText": "编辑信息",
		        "enablePullDownRefresh": false
		    }
		},
		{
		    "path" : "pages/list/group/info",
		    "style" :                                                                                    
		    {
		        "navigationBarTitleText": "群聊信息",
		        "enablePullDownRefresh": false
		    }
		    
		}
		,{
		    "path" : "pages/list/group/member",
		    "style" :                                                                                    
		    {
		        "navigationBarTitleText": "群成员",
		        "enablePullDownRefresh": false
		    }
		}
        ,{
            "path" : "pages/chat/group/group",
            "style" :                                                                                    
            {
                "navigationBarTitleText": "",
                "enablePullDownRefresh": false,
				"navigationBarBackgroundColor": "green",
				"app-plus":{
					"titleNView":{
							"buttons":[{
								"text":"\ueaf1",
								"float":"right",
								"fontSize":"25px",
								"color":"#F1F1F1",
								"fontSrc":"/static/ico/iconfont.ttf"
							}]
						}
					}
            }
        }, {
            "path" : "pages/other/search/groupInfo",
            "style" :                                                                                    
            {
                "navigationBarTitleText": "群信息",
                "enablePullDownRefresh": false
            }
        }, {
            "path" : "pages/other/search/member",
            "style" :                                                                                    
            {
                "navigationBarTitleText": "群成员",
                "enablePullDownRefresh": false
            }
        }
		
        ,{
            "path" : "pages/space/zoom/zoom",
            "style" :                                                                                    
            {
                "navigationBarTitleText": "世界",
                "enablePullDownRefresh": true,
				"app-plus":{
					"titleNView":{
						"buttons":[
							{
								"text":"\ue661",
								"float":"right",
								"fontSize":"25px",
								"color":"#535353",
								"fontSrc":"/static/ico/iconfont.ttf"
						}]
					}
				}
            }
		
            
        }
        ,{
            "path" : "pages/space/zoom/edit/edit",
            "style" :                                                                                    
            {
                "navigationBarTitleText": "编辑",
                "enablePullDownRefresh": false
            }
            
        }
        ,{
            "path" : "pages/space/zoom/my/my",
            "style" :                                                                                    
            {
                "navigationBarTitleText": "我的",
                "enablePullDownRefresh": true,
                "app-plus":{
                	"titleNView":{
                		"buttons":[
                			{
                				"text":"\ue661",
                				"float":"right",
                				"fontSize":"25px",
                				"color":"#535353",
                				"fontSrc":"/static/ico/iconfont.ttf"
                		}]
                	}
                }
            }
            
        }
        ,{
            "path" : "pages/space/zoom/other/other",
            "style" :                                                                                    
            {
                "navigationBarTitleText": "",
                "enablePullDownRefresh": true
            }
            
        }
        ,{
            "path" : "pages/space/zoom/detail/detail",
            "style" :                                                                                    
            {
                "navigationBarTitleText": "详情",
                "enablePullDownRefresh": false
            }
            
        }
        ,{
            "path" : "pages/space/zoom/changeBg/changeBg",
            "style" :                                                                                    
            {
                "navigationBarTitleText": "更换背景",
                "enablePullDownRefresh": false
            }
            
        }
    ],
	"globalStyle": {
		"navigationBarTextStyle": "black",
		"navigationBarTitleText": "uni-app",
		"navigationBarBackgroundColor": "#F8F8F8",
		"backgroundColor": "#F8F8F8"
	},
	"tabBar":{
		"list":[{
			"pagePath":"pages/chat/chat",
			"iconPath":"static/icon/chat.svg",
			"selectedIconPath":"static/icon/selected_chat.svg",
			"text":"聊天"
		},{
			"pagePath":"pages/list/list",
			"iconPath":"static/icon/list.svg",
			"selectedIconPath":"static/icon/selected_list.svg",
			"text":"通讯录"
		},{
			"pagePath":"pages/space/space",
			"iconPath":"static/icon/space.svg",
			"selectedIconPath":"static/icon/selected_space.svg",
			"text":"发现"
		},{
			"pagePath":"pages/me/me",
			"iconPath":"static/icon/me.svg",
			"selectedIconPath":"static/icon/selected_me.svg",
			"text":"我"
		}]
	}
}
